{
  "line_runtime": [
    {
      "id": "tokaido",
      "total_length_m": 1025057.5440965198,
      "cumulative_lengths_m": [
        0,
        6170.772528832017,
        10371.684051528893,
        15664.438068326584,
        23096.610270060934,
        24643.84818327971,
        27679.814182497066,
        51288.74047636417,
        62879.61653068447,
        73036.36630968035,
        75606.28863325623,
        77381.17483001629,
        84020.46887907818,
        90144.78752277822,
        94414.30316921577,
        109790.31687987794,
        116500.39966280502,
        124457.989003919,
        133124.691105388,
        137874.09042724813,
        143681.64077513182,
        152966.32996216457,
        165483.82698360283,
        171633.08542768395,
        176943.03157911837,
        190561.29106274003,
        200758.42992881133,
        208919.09087806972,
        223840.5138897658,
        228566.5195257392,
        236235.3182758311,
        238532.70770133458,
        247354.48654830188,
        266318.52428154164,
        271020.3198161226,
        274161.4715616,
        294245.25036423816,
        309308.74115646473,
        311473.5727171332,
        322222.12693058903,
        328938.2282763055,
        332924.90246524673,
        338358.40150095895,
        339138.5581448795,
        345109.65647478227,
        351102.27661647944,
        357078.87402798585,
        363209.8121173489,
        366509.40031092457,
        375921.9311110685,
        380874.2051963668,
        385424.5602993502,
        394123.89738150995,
        399268.6344949628,
        403887.83222669363,
        413182.3031315356,
        424687.8272522461,
        441757.0244313617,
        456216.2263976077,
        470211.8248765462,
        471531.431438274,
        474788.5979643738,
        482175.18250418274,
        489739.9830014675,
        497979.5315040368,
        505785.21723526815,
        510020.1511484076,
        516498.93663505575,
        522957.90748708637,
        537992.3212402316,
        549036.0271575873,
        560120.8490194026,
        569125.6306920085,
        579023.0752473029,
        590778.4970561834,
        600927.057559563,
        611167.5945493393,
        624381.656575657,
        631877.5105292505,
        646125.8405453522,
        663766.4389391118,
        675328.7363705361,
        685685.7840860252,
        702845.9409128107,
        718414.2951055887,
        735194.0505536542,
        746302.1659509244,
        758098.300923546,
        777505.9865429701,
        790329.030371543,
        802304.8189313473,
        813852.9614587058,
        826640.864178858,
        840978.6479558235,
        857915.7086852737,
        876536.5046064894,
        895547.4727160726,
        914661.4597848909,
        937217.2277194335,
        947639.2686278676,
        955896.0967274661,
        962726.8496817109,
        971006.4388027635,
        988081.4673061755,
        1010127.044023738,
        1025057.5440965198
      ],
      "station_offsets_m": {
        "tokyo": 0,
        "shinagawa": 6170.772528832017,
        "yokohama": 24643.84818327971,
        "odawara": 75606.28863325623,
        "atami": 94414.30316921577,
        "mishima": 109790.31687987794,
        "shin-fuji": 133124.691105388,
        "shizuoka": 165483.82698360283,
        "kakegawa": 208919.09087806972,
        "hamamatsu": 236235.3182758311,
        "toyohashi": 271020.3198161226,
        "mikawa-anjo": 309308.74115646473,
        "nagoya": 338358.40150095895,
        "gifu-hashima": 363209.8121173489,
        "maibara": 403887.83222669363,
        "kyoto": 471531.431438274,
        "osaka": 510020.1511484076,
        "shin-kobe": 537992.3212402316,
        "nishi-akashi": 560120.8490194026,
        "himeji": 590778.4970561834,
        "aioi": 611167.5945493393,
        "okayama": 663766.4389391118,
        "shin-kurashiki": 685685.7840860252,
        "fukuyama": 718414.2951055887,
        "shin-onomichi": 735194.0505536542,
        "mihara": 746302.1659509244,
        "higashi-hiroshima": 777505.9865429701,
        "hiroshima": 802304.8189313473,
        "shin-iwakuni": 840978.6479558235,
        "tokuyama": 876536.5046064894,
        "shin-yamaguchi": 914661.4597848909,
        "asa": 937217.2277194335,
        "shin-shimonoseki": 955896.0967274661,
        "kokura": 971006.4388027635,
        "hakata": 1025057.5440965198
      }
    }
  ]
}