{
  "line_runtime": [
    {
      "id": "tokaido",
      "total_length_m": 510133.2815166441,
      "cumulative_lengths_m": [
        0,
        10364.203748303455,
        15656.957765101146,
        23089.1299668355,
        24636.367880054277,
        27672.33387927163,
        51281.260173138726,
        62872.13622745903,
        73028.88600645491,
        77366.67714430903,
        84005.97119337092,
        90130.28983707096,
        94364.39561381417,
        109687.676042044,
        116419.45188549651,
        124377.0412266105,
        137792.2717127284,
        143599.8220606121,
        152884.51124764484,
        166223.08306910307,
        171641.6765853157,
        176951.6227367501,
        190569.88222037177,
        200767.02108644307,
        210038.08594796967,
        223865.00952040093,
        228591.0151563743,
        234068.43488684663,
        238591.39475673917,
        247413.17360370647,
        266377.21133694623,
        274214.77918967186,
        294298.55799231003,
        311526.82353975315,
        322275.377753209,
        328991.4790989254,
        332978.1532878667,
        338411.6523235789,
        339191.80896749947,
        345162.9072974022,
        351155.5274390994,
        357132.1248506058,
        366524.7999339067,
        375937.33073405066,
        380889.60481934896,
        385439.9599223323,
        394139.2970044921,
        399284.03411794495,
        402001.37646532984,
        413295.4334997721,
        424800.9576204826,
        441870.1547995982,
        456329.3567658442,
        470324.95524478273,
        471644.5618065105,
        474901.72833261034,
        482288.31287241925,
        489853.113369704,
        498092.6618722733,
        505898.34760350466,
        510133.2815166441
      ],
      "station_offsets_m": {
        "tokyo": 0,
        "yokohama": 24636.367880054277,
        "nagoya": 338411.6523235789,
        "kyoto": 471644.5618065105,
        "osaka": 510133.2815166441
      }
    }
  ]
}